{
  "base_auc": 0.9144002195472783,
  "no_banks": 0.9196144674085851,
  "no_payment_format": 0.9084987035354681,
  "no_currencies": 0.9041385135135135,
  "no_channel": 0.9054811113634643,
  "no_topology_type": 0.9080338216367627
}